Owner,SSH URL,Created At
ulversandigarcia916703,git@github.com:ulversandigarcia916703/flutter.git,2024-03-01T21:24:54Z
icepowervasyatukyda3577,git@github.com:icepowervasyatukyda3577/flutter.git,2024-03-01T21:04:44Z
absolutezeroford8738,git@github.com:absolutezeroford8738/flutter.git,2024-03-01T20:57:28Z
mcnaryblockerpro91020,git@github.com:mcnaryblockerpro91020/flutter.git,2024-03-01T20:51:43Z
mcpowerade33adorable8590,git@github.com:mcpowerade33adorable8590/flutter.git,2024-03-01T20:34:30Z
misterwizardvirusstar78357,git@github.com:misterwizardvirusstar78357/flutter.git,2024-03-01T20:33:57Z
mrripbarashka783101,git@github.com:mrripbarashka783101/flutter.git,2024-03-01T20:33:08Z
a8398707,git@github.com:a8398707/flutter.git,2024-03-01T20:27:08Z
doomcliffwhite605015,git@github.com:doomcliffwhite605015/flutter.git,2024-03-01T20:13:33Z
troubleensnik126702,git@github.com:troubleensnik126702/flutter.git,2024-03-01T20:12:39Z
vlad999965,git@github.com:vlad999965/flutter.git,2024-03-01T18:45:44Z
saltlb,git@github.com:saltlb/flutter.git,2024-03-01T18:24:27Z
aquaelianetoiparen4840,git@github.com:aquaelianetoiparen4840/flutter.git,2024-03-01T14:51:13Z
diversant43vimer7285,git@github.com:diversant43vimer7285/flutter.git,2024-03-01T14:38:27Z
cammonkitty19923410,git@github.com:cammonkitty19923410/flutter.git,2024-03-01T14:21:36Z
driffrankriver651442,git@github.com:driffrankriver651442/flutter.git,2024-03-01T14:11:35Z
deathlessparakon393239,git@github.com:deathlessparakon393239/flutter.git,2024-03-01T13:34:15Z
bakemaratkozlov5482,git@github.com:bakemaratkozlov5482/flutter.git,2024-03-01T13:31:19Z
HelenAkew,git@github.com:HelenAkew/flutter.git,2024-03-01T13:29:46Z
seminggarnet19928096,git@github.com:seminggarnet19928096/flutter.git,2024-03-01T13:25:49Z
batterymaxwell1992136,git@github.com:batterymaxwell1992136/flutter.git,2024-03-01T13:15:43Z
SGoD11,git@github.com:SGoD11/flutter.git,2024-03-01T12:48:28Z
OmriDeveloper,git@github.com:OmriDeveloper/flutter.git,2024-03-01T11:38:56Z
e4483319,git@github.com:e4483319/flutter.git,2024-03-01T11:15:52Z
yourfriendporupor693742,git@github.com:yourfriendporupor693742/flutter.git,2024-03-01T10:55:09Z
radubileieme19928734,git@github.com:radubileieme19928734/flutter.git,2024-03-01T10:39:56Z
eh2503,git@github.com:eh2503/flutter.git,2024-03-01T10:09:09Z
bi7286987,git@github.com:bi7286987/flutter.git,2024-03-01T10:07:52Z
lijiee,git@github.com:lijiee/flutter.git,2024-03-01T09:14:07Z
moxiaov587,git@github.com:moxiaov587/flutter.git,2024-03-01T08:18:17Z
klaodevilz,git@github.com:klaodevilz/google-flutter.git,2024-03-01T07:14:34Z
troublehurst1003605,git@github.com:troublehurst1003605/flutter.git,2024-03-01T01:04:14Z
pharosquiltion594913,git@github.com:pharosquiltion594913/flutter.git,2024-03-01T00:38:49Z
sakuraidayo,git@github.com:sakuraidayo/flutter.git,2024-03-01T00:15:12Z
bountyhunterkintus8172,git@github.com:bountyhunterkintus8172/flutter.git,2024-02-29T23:53:05Z
forthsidnerni95258,git@github.com:forthsidnerni95258/flutter.git,2024-02-29T22:59:32Z
whiteroseunderstandme10,git@github.com:whiteroseunderstandme10/flutter.git,2024-02-29T22:58:27Z
lavingpatrikadams2457203,git@github.com:lavingpatrikadams2457203/flutter.git,2024-02-29T20:42:36Z
cherifsikirou,git@github.com:cherifsikirou/flutter_sdk.git,2024-02-29T18:38:40Z
amrmustafa02,git@github.com:amrmustafa02/flutter_test.git,2024-02-29T17:25:12Z
pytharchimede,git@github.com:pytharchimede/flutter.git,2024-02-29T14:48:52Z
mustfa-magdy-mohamed-nasr,git@github.com:mustfa-magdy-mohamed-nasr/flutter.git,2024-02-29T10:56:20Z
aungnyeinhtet,git@github.com:aungnyeinhtet/flutter.git,2024-02-29T08:45:03Z
DenisRdsilva,git@github.com:DenisRdsilva/flutter.git,2024-02-29T06:33:27Z
MLer-EX,git@github.com:MLer-EX/flutter.git,2024-02-29T05:16:35Z
varkam,git@github.com:varkam/flutter.git,2024-02-29T02:41:04Z
RMinusS,git@github.com:RMinusS/flutter.git,2024-02-29T01:01:59Z
Dilshodovna,git@github.com:Dilshodovna/flutter.git,2024-02-28T21:03:02Z
ozlemkayyaa,git@github.com:ozlemkayyaa/flutter.git,2024-02-28T19:55:31Z
BlancaPenabad,git@github.com:BlancaPenabad/flutter.git,2024-02-28T18:05:15Z
elwaks,git@github.com:elwaks/flutter.git,2024-02-27T23:58:59Z
Borhan-svg,git@github.com:Borhan-svg/flutter.git,2024-02-27T23:49:59Z
mohamedmagdi6,git@github.com:mohamedmagdi6/flutter.git,2024-02-27T23:19:55Z
m-c-le,git@github.com:m-c-le/flutter.git,2024-02-27T14:15:08Z
RobinTida,git@github.com:RobinTida/flutter.git,2024-02-27T13:15:36Z
parhamoyan,git@github.com:parhamoyan/flutter.git,2024-02-27T09:47:13Z
lylqwer,git@github.com:lylqwer/flutter.git,2024-02-27T08:33:51Z
Rebelo,git@github.com:Rebelo/flutter.git,2024-02-27T07:49:33Z
shaheeeen,git@github.com:shaheeeen/flutter.git,2024-02-27T07:34:40Z
wansoon,git@github.com:wansoon/flutter.git,2024-02-27T05:34:04Z
phuc-tranh-otsv,git@github.com:phuc-tranh-otsv/flutter.git,2024-02-27T02:38:08Z
0xForked,git@github.com:0xForked/flutter.git,2024-02-27T02:35:21Z
mrendyg,git@github.com:mrendyg/flutter.git,2024-02-26T20:57:13Z
AbsoluteTobi,git@github.com:AbsoluteTobi/flutter.git,2024-02-26T16:35:02Z
sistemascuv,git@github.com:sistemascuv/flutter.git,2024-02-26T16:12:35Z
lijianqiang12,git@github.com:lijianqiang12/flutter.git,2024-02-26T12:36:52Z
thalita-renata,git@github.com:thalita-renata/flutter.git,2024-02-26T10:54:47Z
ColinGracco,git@github.com:ColinGracco/flutter.git,2024-02-26T09:04:08Z
taras126,git@github.com:taras126/flutter.git,2024-02-26T07:08:10Z
texasart,git@github.com:texasart/flutter.git,2024-02-26T03:37:34Z
thequietnegressthorn,git@github.com:thequietnegressthorn/flutter.git,2024-02-25T18:22:26Z
HarshanaJayasekara,git@github.com:HarshanaJayasekara/flutter.git,2024-02-25T14:24:36Z
Sarahdklopp,git@github.com:Sarahdklopp/flutter.git,2024-02-25T10:28:47Z
clearloverP,git@github.com:clearloverP/flutter.git,2024-02-25T09:00:46Z
jd-bus,git@github.com:jd-bus/flutter.git,2024-02-25T02:11:08Z
Osama-Nabil854,git@github.com:Osama-Nabil854/flutter.git,2024-02-24T22:30:56Z
n3ir,git@github.com:n3ir/flutter.git,2024-02-24T22:12:18Z
thenunts6,git@github.com:thenunts6/flutter.git,2024-02-24T20:27:26Z
mihirpkshah,git@github.com:mihirpkshah/flutter.git,2024-02-24T16:57:41Z
jamedbrandt,git@github.com:jamedbrandt/flutter.git,2024-02-24T15:41:30Z
JannikWinter,git@github.com:JannikWinter/flutter.git,2024-02-24T15:37:21Z
bramnawasitu,git@github.com:bramnawasitu/flutter.git,2024-02-24T15:31:47Z
hamada-imen,git@github.com:hamada-imen/flutter.git,2024-02-24T15:24:20Z
Uraniqbremto,git@github.com:Uraniqbremto/flutter.git,2024-02-23T19:12:43Z
Wesley-yang,git@github.com:Wesley-yang/flutter.git,2024-02-23T17:26:55Z
cctvbtv123456,git@github.com:cctvbtv123456/flutter.git,2024-02-23T13:52:59Z
levinhkhangzz,git@github.com:levinhkhangzz/flutter.git,2024-02-23T13:02:50Z
iam-kj,git@github.com:iam-kj/flutter.git,2024-02-23T11:52:01Z
abdulatifsaidrasulov927,git@github.com:abdulatifsaidrasulov927/flutter.git,2024-02-23T10:56:17Z
rednikisfun,git@github.com:rednikisfun/flutter.git,2024-02-23T08:38:07Z
ShrootBuck,git@github.com:ShrootBuck/flutter.git,2024-02-22T21:58:45Z
SMAIZEAL25,git@github.com:SMAIZEAL25/flutter.git,2024-02-22T18:52:39Z
iReporter-Dev-Team,git@github.com:iReporter-Dev-Team/flutter.git,2024-02-22T18:50:30Z
CultureSupport,git@github.com:CultureSupport/flutter.git,2024-02-22T14:18:06Z
shivani-cst,git@github.com:shivani-cst/flutter.git,2024-02-22T13:07:51Z
Dev2409,git@github.com:Dev2409/flutter.git,2024-02-22T12:10:50Z
DongXuanLei,git@github.com:DongXuanLei/flutter_dxl.git,2024-02-22T12:02:20Z
QwertyProg,git@github.com:QwertyProg/flutter.git,2024-02-22T11:48:34Z
NamiqSalmanov0,git@github.com:NamiqSalmanov0/flutter.git,2024-02-22T10:44:19Z
jsshizhan,git@github.com:jsshizhan/flutter.git,2024-02-22T08:19:34Z
MTtankkeo,git@github.com:MTtankkeo/flutter.git,2024-02-22T04:31:22Z
dsanagustin,git@github.com:dsanagustin/flutter.git,2024-02-21T22:11:17Z
gruner,git@github.com:gruner/flutter.git,2024-02-21T21:56:01Z
GRUNA005,git@github.com:GRUNA005/flutter.git,2024-02-21T21:54:37Z
mehdibtc,git@github.com:mehdibtc/flutter.git,2024-02-21T21:10:44Z
vera-byte,git@github.com:vera-byte/flutter.git,2024-02-21T13:05:58Z
dioazril,git@github.com:dioazril/flutter.git,2024-02-21T12:17:46Z
wardmacwal,git@github.com:wardmacwal/flutter.git,2024-02-21T12:00:11Z
Nick-Morton,git@github.com:Nick-Morton/flutter.git,2024-02-21T11:04:22Z
chau9ho99,git@github.com:chau9ho99/flutter.git,2024-02-21T06:53:19Z
dipesh-panchal,git@github.com:dipesh-panchal/flutter.git,2024-02-21T06:42:36Z
Rock-chan,git@github.com:Rock-chan/flutter.git,2024-02-21T02:37:31Z
valerynew,git@github.com:valerynew/flutter.git,2024-02-21T01:22:12Z
zijiehe-google-com,git@github.com:zijiehe-google-com/flutter.git,2024-02-20T20:49:55Z
PavanKumar0085,git@github.com:PavanKumar0085/flutter.git,2024-02-20T20:08:07Z
BellGemim,git@github.com:BellGemim/flutter.git,2024-02-20T20:05:32Z
Sabika-latif,git@github.com:Sabika-latif/flutter.git,2024-02-20T17:45:48Z
eliaszayoud-SE,git@github.com:eliaszayoud-SE/flutter.git,2024-02-20T17:37:06Z
IlhamArbani,git@github.com:IlhamArbani/flutter.git,2024-02-20T16:04:31Z
sunsmartindia,git@github.com:sunsmartindia/flutter.git,2024-02-20T09:04:24Z
robin0822,git@github.com:robin0822/flutter.git,2024-02-20T07:18:59Z
FullstackWEB-developer,git@github.com:FullstackWEB-developer/flutter.git,2024-02-20T05:36:48Z
linwj5138,git@github.com:linwj5138/flutter.git,2024-02-20T05:15:48Z
sawin0,git@github.com:sawin0/flutter.git,2024-02-20T04:21:27Z
javidsui,git@github.com:javidsui/flutter.git,2024-02-19T23:04:48Z
Mobijkstra,git@github.com:Mobijkstra/flutter.git,2024-02-19T21:20:24Z
martinale14,git@github.com:martinale14/flutter.git,2024-02-19T15:01:40Z
muhammedSalihT,git@github.com:muhammedSalihT/flutter.git,2024-02-19T13:59:32Z
rashmisridar,git@github.com:rashmisridar/flutter.git,2024-02-19T13:43:44Z
envererdem18,git@github.com:envererdem18/flutter.git,2024-02-19T13:21:21Z
renuac85,git@github.com:renuac85/flutter.git,2024-02-19T13:11:42Z
kk999999f,git@github.com:kk999999f/flutter.git,2024-02-19T12:35:13Z
Bsaqago,git@github.com:Bsaqago/flutter.git,2024-02-19T11:08:28Z
amalej,git@github.com:amalej/flutter.git,2024-02-19T10:07:32Z
thelou1s,git@github.com:thelou1s/flutter.git,2024-02-19T09:45:56Z
mabdulrahim6,git@github.com:mabdulrahim6/flutter.git,2024-02-19T09:30:56Z
Imgkl,git@github.com:Imgkl/flutter.git,2024-02-19T09:03:11Z
eternityFantasy,git@github.com:eternityFantasy/flutter.git,2024-02-19T09:01:49Z
naji1368,git@github.com:naji1368/flutter.git,2024-02-19T05:37:25Z
ahmedmohamed41,git@github.com:ahmedmohamed41/flutter.git,2024-02-19T02:08:22Z
zhuangxuan,git@github.com:zhuangxuan/flutter.git,2024-02-19T01:14:49Z
yahyaalfalahdev,git@github.com:yahyaalfalahdev/flutter.git,2024-02-18T20:48:50Z
JeanOUINA,git@github.com:JeanOUINA/flutter.git,2024-02-18T19:13:56Z
RokayaFawzy,git@github.com:RokayaFawzy/flutter.git,2024-02-18T18:01:59Z
AlexRight007,git@github.com:AlexRight007/flutter.git,2024-02-18T17:49:49Z
Mateusz0727,git@github.com:Mateusz0727/flutter.git,2024-02-18T16:03:32Z
nasser611-jpg,git@github.com:nasser611-jpg/flutter.git,2024-02-18T15:08:32Z
AutomateJohn,git@github.com:AutomateJohn/flutter.git,2024-02-18T13:57:46Z
badr-elsawi,git@github.com:badr-elsawi/flutter_w.git,2024-02-18T12:55:47Z
tycoh01,git@github.com:tycoh01/flutter.git,2024-02-18T04:53:43Z
chguaro,git@github.com:chguaro/flutter.git,2024-02-17T23:45:00Z
punk0369,git@github.com:punk0369/flutter.git,2024-02-17T23:41:35Z
dario-digregorio,git@github.com:dario-digregorio/flutter.git,2024-02-17T21:17:53Z
CaglarKullu,git@github.com:CaglarKullu/flutter.git,2024-02-17T19:46:30Z
cmdrcoriander,git@github.com:cmdrcoriander/flutter.git,2024-02-17T19:35:44Z
emeraldsc08,git@github.com:emeraldsc08/flutter.git,2024-02-17T14:45:01Z
selah-aldin,git@github.com:selah-aldin/flutter.git,2024-02-17T14:33:05Z
TomBlindi,git@github.com:TomBlindi/flutter.git,2024-02-17T12:14:30Z
nawafalomari,git@github.com:nawafalomari/flutter.git,2024-02-17T09:36:09Z
RapiHosting,git@github.com:RapiHosting/flutter.git,2024-02-17T09:21:03Z
jgRev,git@github.com:jgRev/flutter.git,2024-02-17T08:23:57Z
vladorlofah,git@github.com:vladorlofah/flutter.git,2024-02-17T03:01:59Z
fazalbasit,git@github.com:fazalbasit/flutter.git,2024-02-16T17:59:52Z
Maniceraf,git@github.com:Maniceraf/flutter.git,2024-02-16T15:10:59Z
askabdulhaseeb,git@github.com:askabdulhaseeb/flutter.git,2024-02-16T14:19:03Z
FadyElze3iky,git@github.com:FadyElze3iky/flutter.git,2024-02-16T13:21:56Z
mvolpato,git@github.com:mvolpato/flutter.git,2024-02-16T13:21:05Z
ertchen,git@github.com:ertchen/flutter.git,2024-02-16T13:02:06Z
NehallBaig,git@github.com:NehallBaig/flutter.git,2024-02-16T11:12:53Z
ToddZeil,git@github.com:ToddZeil/flutter.git,2024-02-16T03:59:23Z
AntonioPGR,git@github.com:AntonioPGR/flutter.git,2024-02-16T02:41:36Z
jawscout,git@github.com:jawscout/flutter.git,2024-02-15T20:25:11Z
alihaider63,git@github.com:alihaider63/flutter.git,2024-02-15T18:09:13Z
AkashCurve,git@github.com:AkashCurve/flutter.git,2024-02-15T13:04:04Z
furbyhaxx,git@github.com:furbyhaxx/flutter.git,2024-02-15T11:07:08Z
bitforge,git@github.com:bitforge/flutter.git,2024-02-15T08:53:58Z
obutora,git@github.com:obutora/flutter.git,2024-02-15T08:49:53Z
yuanzhongqiao,git@github.com:yuanzhongqiao/flutter.git,2024-02-15T07:33:22Z
srpintu01,git@github.com:srpintu01/flutter.git,2024-02-15T05:12:37Z
Haru-Kobayashi073,git@github.com:Haru-Kobayashi073/flutter.git,2024-02-15T04:46:45Z
ymjones1,git@github.com:ymjones1/flutter.git,2024-02-15T03:02:57Z
alphacoderds,git@github.com:alphacoderds/flutter.git,2024-02-15T01:17:18Z
jamalihassan0307,git@github.com:jamalihassan0307/flutter.git,2024-02-14T21:48:34Z
marieritchey,git@github.com:marieritchey/flutter.git,2024-02-14T20:52:50Z
aayanmtn,git@github.com:aayanmtn/flutter.git,2024-02-14T17:49:53Z
Object0220,git@github.com:Object0220/flutter.git,2024-02-14T13:38:38Z
alexcabo,git@github.com:alexcabo/flutter.git,2024-02-14T13:35:28Z
AlejandroGrana,git@github.com:AlejandroGrana/flutter.git,2024-02-14T10:48:32Z
AdachiKouk,git@github.com:AdachiKouk/flutter.git,2024-02-14T03:37:17Z
trubacheevao,git@github.com:trubacheevao/flutter.git,2024-02-14T03:04:19Z
Mohammadsebai,git@github.com:Mohammadsebai/flutter.git,2024-02-13T22:10:56Z
ValerieHilld,git@github.com:ValerieHilld/flutter.git,2024-02-13T20:57:35Z
Hamedayoubi,git@github.com:Hamedayoubi/flutter.git,2024-02-13T20:52:54Z
carasen12,git@github.com:carasen12/flutter.git,2024-02-13T19:34:03Z
Thesynergist,git@github.com:Thesynergist/flutter.git,2024-02-13T18:17:28Z
KerelosNasser,git@github.com:KerelosNasser/flutter.git,2024-02-13T16:00:20Z
HosseinYousefi,git@github.com:HosseinYousefi/flutter.git,2024-02-13T15:38:26Z
Katwal07,git@github.com:Katwal07/flutter.git,2024-02-13T15:02:05Z
Connectlegendary,git@github.com:Connectlegendary/flutter.git,2024-02-13T10:49:50Z
itsgits01,git@github.com:itsgits01/flutter.git,2024-02-13T06:28:52Z
trestanec,git@github.com:trestanec/flutter.git,2024-02-13T03:30:01Z
wyuraukr,git@github.com:wyuraukr/flutter.git,2024-02-13T02:54:59Z
ujjawalagarwal123,git@github.com:ujjawalagarwal123/flutter.git,2024-02-13T01:18:51Z
zakriazakry,git@github.com:zakriazakry/flutter.git,2024-02-12T23:46:10Z
hill2re,git@github.com:hill2re/flutter.git,2024-02-12T22:42:53Z
extremewhale,git@github.com:extremewhale/flutter.git,2024-02-12T22:23:44Z
xyzcommander,git@github.com:xyzcommander/flutter.git,2024-02-12T19:14:46Z
AlexBordei,git@github.com:AlexBordei/flutter.git,2024-02-12T16:56:33Z
YatoNorai,git@github.com:YatoNorai/flutter.git,2024-02-12T14:44:12Z
umairkhan54321,git@github.com:umairkhan54321/flutter.git,2024-02-12T12:32:46Z
ricksondpenhafeb,git@github.com:ricksondpenhafeb/flutter.git,2024-02-12T12:07:32Z
SamanthaVelasquez98,git@github.com:SamanthaVelasquez98/flutter.git,2024-02-12T05:42:32Z
rociowos,git@github.com:rociowos/flutter.git,2024-02-11T21:49:48Z
n4ter88,git@github.com:n4ter88/flutter.git,2024-02-11T17:44:31Z
am1994,git@github.com:am1994/flutter.git,2024-02-11T15:46:26Z
0xGoerliMainnet,git@github.com:0xGoerliMainnet/flutter.git,2024-02-11T15:25:10Z
iamnabink,git@github.com:iamnabink/flutter.git,2024-02-11T14:55:42Z
AMahfouz144,git@github.com:AMahfouz144/flutter.git,2024-02-11T11:31:34Z
bahaaeshnena,git@github.com:bahaaeshnena/flutter.git,2024-02-11T10:53:00Z
Peetee06,git@github.com:Peetee06/flutter.git,2024-02-11T10:44:44Z
jpmarion,git@github.com:jpmarion/flutter.git,2024-02-10T22:21:05Z
rafaelsetragni,git@github.com:rafaelsetragni/flutter.git,2024-02-10T21:33:10Z
JairusGalang,git@github.com:JairusGalang/flutter.git,2024-02-10T16:40:53Z
shashank-gb,git@github.com:shashank-gb/flutter.git,2024-02-10T14:41:40Z
RiskaHuman,git@github.com:RiskaHuman/flutter.git,2024-02-10T14:01:02Z
burhansvural,git@github.com:burhansvural/flutter.git,2024-02-10T13:24:57Z
JangYoonsung,git@github.com:JangYoonsung/flutter.git,2024-02-10T11:25:38Z
Aetesyindan,git@github.com:Aetesyindan/flutter.git,2024-02-10T09:10:36Z
Hegoriaqirelle,git@github.com:Hegoriaqirelle/flutter.git,2024-02-10T08:39:21Z
muhammad-talat1610,git@github.com:muhammad-talat1610/flutter.git,2024-02-10T08:37:45Z
Support-hells-angels-bitch,git@github.com:Support-hells-angels-bitch/flutter.git,2024-02-10T01:36:19Z
vero4kastrba,git@github.com:vero4kastrba/flutter.git,2024-02-09T22:10:40Z
tat580191852009,git@github.com:tat580191852009/flutter.git,2024-02-09T18:11:56Z
ojabom,git@github.com:ojabom/flutter.git,2024-02-09T15:56:10Z
niteshsh4rma,git@github.com:niteshsh4rma/flutter.git,2024-02-09T08:28:14Z
kno3a87,git@github.com:kno3a87/flutter.git,2024-02-09T08:22:01Z
BlueishInColour,git@github.com:BlueishInColour/flutter.git,2024-02-09T03:35:21Z
gquende,git@github.com:gquende/flutter.git,2024-02-08T15:26:42Z
Fahrur-Rozi-25,git@github.com:Fahrur-Rozi-25/flutter.git,2024-02-08T14:57:49Z
xdevilmaycryxbil,git@github.com:xdevilmaycryxbil/flutter.git,2024-02-08T09:29:51Z
awvreenen95,git@github.com:awvreenen95/flutter.git,2024-02-08T07:59:12Z
mseeam99,git@github.com:mseeam99/flutter.git,2024-02-08T02:25:38Z
chrismckillop,git@github.com:chrismckillop/flutter-flutter.git,2024-02-07T23:17:24Z
arash-khh,git@github.com:arash-khh/flutter.git,2024-02-07T23:17:12Z
MohamedEssam-900009,git@github.com:MohamedEssam-900009/flutter.git,2024-02-07T19:21:33Z
ScottS2017,git@github.com:ScottS2017/flutter.git,2024-02-07T14:56:13Z
Lisa000123,git@github.com:Lisa000123/flutter.git,2024-02-07T07:50:58Z
esmaozkul,git@github.com:esmaozkul/flutter.git,2024-02-07T07:14:31Z
Stollpy,git@github.com:Stollpy/flutter.git,2024-02-07T05:40:02Z
alaak22cs50,git@github.com:alaak22cs50/flutter.git,2024-02-06T14:39:57Z
oveshdevwala,git@github.com:oveshdevwala/flutter.git,2024-02-06T14:38:15Z
Lintangzupan,git@github.com:Lintangzupan/flutter.git,2024-02-06T14:06:59Z
SamirDiwanDeveloper,git@github.com:SamirDiwanDeveloper/flutter.git,2024-02-06T12:23:06Z
FiliciaGrind,git@github.com:FiliciaGrind/flutter.git,2024-02-06T09:58:08Z
Christinadiord,git@github.com:Christinadiord/flutter.git,2024-02-06T06:48:02Z
wilsonDenis,git@github.com:wilsonDenis/flutter.git,2024-02-06T05:04:28Z
koyasaeki2,git@github.com:koyasaeki2/flutter.git,2024-02-06T04:24:12Z
alihaydarkir,git@github.com:alihaydarkir/flutter.git,2024-02-05T19:08:42Z
Josback04,git@github.com:Josback04/flutter.git,2024-02-05T10:06:58Z
khoshimjanov,git@github.com:khoshimjanov/flutter.git,2024-02-05T09:41:17Z
Leootj,git@github.com:Leootj/flutter.git,2024-02-05T08:48:39Z
ndush,git@github.com:ndush/flutter.git,2024-02-05T07:33:42Z
OPTI95,git@github.com:OPTI95/flutter.git,2024-02-04T20:31:56Z
attackordie,git@github.com:attackordie/flutter.git,2024-02-04T19:05:02Z
rjtmangla,git@github.com:rjtmangla/flutter.git,2024-02-04T16:50:07Z
MrNitishroy,git@github.com:MrNitishroy/flutter.git,2024-02-04T14:50:56Z
Hidayatt1812,git@github.com:Hidayatt1812/flutter.git,2024-02-04T14:32:35Z
Edmondbetty,git@github.com:Edmondbetty/flutter.git,2024-02-04T10:28:52Z
ghishadow,git@github.com:ghishadow/flutter.git,2024-02-04T08:10:44Z
xxtankpunkxx,git@github.com:xxtankpunkxx/flutter.git,2024-02-03T23:52:57Z
phucly01,git@github.com:phucly01/Blutter.git,2024-02-03T18:24:54Z
githubmonkey,git@github.com:githubmonkey/flutter.git,2024-02-03T15:00:12Z
Googlebo7j,git@github.com:Googlebo7j/flutter.git,2024-02-03T08:20:40Z
niuerkeji,git@github.com:niuerkeji/flutter.git,2024-02-03T04:36:02Z
alexalget,git@github.com:alexalget/flutter.git,2024-02-02T15:15:10Z
abrysov,git@github.com:abrysov/flutter.git,2024-02-02T13:07:47Z
gandongdong,git@github.com:gandongdong/flutter.git,2024-02-02T10:08:13Z
foclgithub,git@github.com:foclgithub/flutter.git,2024-02-02T09:20:41Z
ninnim,git@github.com:ninnim/flutter.git,2024-02-02T07:38:08Z
Ichko193,git@github.com:Ichko193/flutter.git,2024-02-02T05:33:01Z
BrianChanLEE,git@github.com:BrianChanLEE/flutter.git,2024-02-02T05:02:56Z
code-lucky,git@github.com:code-lucky/flutter.git,2024-02-02T01:24:45Z
alfianfakhrudin2,git@github.com:alfianfakhrudin2/flutter.git,2024-02-01T19:06:27Z
Multicoretechidn,git@github.com:Multicoretechidn/flutter.git,2024-02-01T14:01:56Z
Calebpraise,git@github.com:Calebpraise/flutter.git,2024-02-01T09:24:03Z
Jaaco,git@github.com:Jaaco/flutter_scale_gesture.git,2024-02-01T00:53:44Z
pprm11,git@github.com:pprm11/flutter-test.git,2024-01-31T22:16:24Z
guiSous11,git@github.com:guiSous11/flutter.git,2024-01-31T20:56:49Z
ScorpiusDraconis83,git@github.com:ScorpiusDraconis83/flutter.git,2024-01-31T19:39:59Z
wkolobk-susannag1990x,git@github.com:wkolobk-susannag1990x/flutter.git,2024-01-31T19:11:15Z
luishenriquelh,git@github.com:luishenriquelh/flutter.git,2024-01-31T17:53:44Z
venbrinoDev,git@github.com:venbrinoDev/flutter_master.git,2024-01-31T14:39:50Z
wieotwpotew2009,git@github.com:wieotwpotew2009/flutter.git,2024-01-31T14:34:27Z
bynathan,git@github.com:bynathan/flutter.git,2024-01-31T12:38:32Z
Sanaa006,git@github.com:Sanaa006/flutter.git,2024-01-31T09:25:51Z
AKAT-Solution,git@github.com:AKAT-Solution/flutter.git,2024-01-31T07:53:46Z
WangweiYDYK,git@github.com:WangweiYDYK/flutter.git,2024-01-31T07:25:24Z
mike-v2,git@github.com:mike-v2/flutter.git,2024-01-30T23:43:15Z
prince-konwea,git@github.com:prince-konwea/flutter.git,2024-01-30T11:14:26Z
wjszxli,git@github.com:wjszxli/flutter.git,2024-01-30T07:01:21Z
andrelewkatz,git@github.com:andrelewkatz/flutter.git,2024-01-29T20:05:55Z
bharadwaj0000,git@github.com:bharadwaj0000/flutter.git,2024-01-29T17:27:04Z
ngphsotu,git@github.com:ngphsotu/flutter.git,2024-01-29T16:38:22Z
henrycaulker,git@github.com:henrycaulker/flutter.git,2024-01-29T15:46:39Z
parth-mulashiya,git@github.com:parth-mulashiya/flutter.git,2024-01-29T10:07:49Z
parniaarb,git@github.com:parniaarb/flutter.git,2024-01-29T09:46:44Z
narsis77,git@github.com:narsis77/flutter.git,2024-01-29T09:00:24Z
z-order,git@github.com:z-order/flutter.git,2024-01-29T08:35:52Z
BiskupMaik,git@github.com:BiskupMaik/flutter_doc_fix.git,2024-01-29T06:50:09Z
Smeegol,git@github.com:Smeegol/flutter.git,2024-01-29T06:37:51Z
zhpoo,git@github.com:zhpoo/flutter.git,2024-01-29T04:49:52Z
FarisPutraFrania,git@github.com:FarisPutraFrania/flutter.git,2024-01-29T02:28:20Z
sdlockedin,git@github.com:sdlockedin/flutter.git,2024-01-28T20:28:30Z
aybqam,git@github.com:aybqam/flutter.git,2024-01-28T18:29:58Z
AbAhmadani,git@github.com:AbAhmadani/flutter.git,2024-01-28T15:35:54Z
BiskupMOtto,git@github.com:BiskupMOtto/flutter_doc_fix.git,2024-01-28T10:06:03Z
veremeisergei,git@github.com:veremeisergei/flutter.git,2024-01-28T09:36:48Z
thabataariel,git@github.com:thabataariel/flutter.git,2024-01-28T07:19:08Z
DJYon1,git@github.com:DJYon1/flutter.git,2024-01-28T04:39:26Z
HailongWang-cotton,git@github.com:HailongWang-cotton/flutter.git,2024-01-28T04:08:17Z
vchihinin,git@github.com:vchihinin/flutter.git,2024-01-27T23:31:06Z
joelwanjohi,git@github.com:joelwanjohi/flutter.git,2024-01-27T20:25:05Z
denjiro,git@github.com:denjiro/flutter.git,2024-01-27T17:39:21Z
Ashraf50,git@github.com:Ashraf50/flutter.git,2024-01-27T16:29:21Z
meg4cyberc4t,git@github.com:meg4cyberc4t/flutter.git,2024-01-27T13:08:35Z
abdullah0034,git@github.com:abdullah0034/flutter.git,2024-01-27T11:41:37Z
mymompromax,git@github.com:mymompromax/flutter.git,2024-01-27T10:15:14Z
WenHaozhan,git@github.com:WenHaozhan/flutter.git,2024-01-27T03:04:41Z
tsxohr,git@github.com:tsxohr/flutter.git,2024-01-27T01:05:10Z
Amir-Zaki47,git@github.com:Amir-Zaki47/flutter.git,2024-01-26T22:01:13Z
rd-wang,git@github.com:rd-wang/flutter.git,2024-01-26T10:19:57Z
vzm48sa,git@github.com:vzm48sa/flutter.git,2024-01-26T09:59:28Z
TalebeTurk,git@github.com:TalebeTurk/flutter.git,2024-01-26T09:49:38Z
urvish1920,git@github.com:urvish1920/flutter.git,2024-01-26T08:10:55Z
SonnyDev,git@github.com:SonnyDev/flutter.git,2024-01-25T22:28:39Z
ChopinDavid,git@github.com:ChopinDavid/flutter.git,2024-01-25T21:05:41Z
DigitalSoftMX,git@github.com:DigitalSoftMX/flutter.git,2024-01-25T20:09:57Z
jnermano,git@github.com:jnermano/flutter.git,2024-01-25T17:30:27Z
RehamZaky,git@github.com:RehamZaky/flutter.git,2024-01-25T13:34:49Z
guenth39,git@github.com:guenth39/flutter.git,2024-01-25T08:16:35Z
youssef-t,git@github.com:youssef-t/flutter.git,2024-01-24T16:46:55Z
dreamzxs,git@github.com:dreamzxs/flutter.git,2024-01-24T16:30:53Z
duyhuynh258,git@github.com:duyhuynh258/flutter.git,2024-01-24T09:53:49Z
lmange,git@github.com:lmange/flutter.git,2024-01-24T08:37:35Z
YukiAttano,git@github.com:YukiAttano/flutter_.git,2024-01-24T08:26:55Z
alaaMariry,git@github.com:alaaMariry/flutter.git,2024-01-24T07:36:55Z
thaheernitturi,git@github.com:thaheernitturi/flutter.git,2024-01-24T06:54:31Z
tasyarn,git@github.com:tasyarn/flutter.git,2024-01-24T00:18:29Z
melissaoml,git@github.com:melissaoml/flutter.git,2024-01-23T15:20:41Z
akhwan16,git@github.com:akhwan16/flutter.git,2024-01-23T14:31:34Z
chigityk,git@github.com:chigityk/flutter.git,2024-01-23T14:12:28Z
AmalNaroth,git@github.com:AmalNaroth/flutter.git,2024-01-23T06:24:16Z
joon-11,git@github.com:joon-11/flutter.git,2024-01-23T04:07:59Z
Guilherme-silvestri,git@github.com:Guilherme-silvestri/flutter.git,2024-01-22T17:14:03Z
BLANK-Zora,git@github.com:BLANK-Zora/flutter.git,2024-01-22T15:00:29Z
Tarekyousseff,git@github.com:Tarekyousseff/flutter.git,2024-01-22T14:41:16Z
FriesI23,git@github.com:FriesI23/flutter.git,2024-01-22T08:29:17Z
aoxr5no,git@github.com:aoxr5no/flutter.git,2024-01-22T07:01:20Z
wetrq6n,git@github.com:wetrq6n/flutter.git,2024-01-22T07:01:12Z
Deverlopper,git@github.com:Deverlopper/flutter.git,2024-01-22T02:01:10Z
ekuleshov,git@github.com:ekuleshov/flutter.git,2024-01-22T01:11:37Z
monamad,git@github.com:monamad/flutter.git,2024-01-21T13:24:37Z
anonymous007-coder,git@github.com:anonymous007-coder/flutter.git,2024-01-21T07:22:25Z
jonasermert,git@github.com:jonasermert/flutter.git,2024-01-20T15:12:31Z
zyqilla,git@github.com:zyqilla/flutter.git,2024-01-20T15:08:49Z
SelaseKay,git@github.com:SelaseKay/flutter.git,2024-01-20T13:12:53Z
kinsomaz,git@github.com:kinsomaz/flutter.git,2024-01-20T10:12:53Z
ADILAYOUB,git@github.com:ADILAYOUB/flutter.git,2024-01-20T09:51:55Z
SanskarSh,git@github.com:SanskarSh/flutter.git,2024-01-20T08:19:02Z
jackiechou1,git@github.com:jackiechou1/flutter.git,2024-01-20T01:56:56Z
zea17,git@github.com:zea17/flutter.git,2024-01-19T13:21:39Z
BuzzBumbleBee,git@github.com:BuzzBumbleBee/flutter.git,2024-01-19T13:03:58Z
LeoTDev,git@github.com:LeoTDev/flutter.git,2024-01-19T12:47:20Z
FacePrintPay,git@github.com:FacePrintPay/flutter.git,2024-01-19T08:59:13Z
promaha,git@github.com:promaha/flutter.git,2024-01-19T08:33:09Z
aizatazhar,git@github.com:aizatazhar/flutter.git,2024-01-19T04:26:38Z
SuRuixi,git@github.com:SuRuixi/flutter.git,2024-01-19T02:11:40Z
dibyanshu-8,git@github.com:dibyanshu-8/flutter.git,2024-01-18T18:37:49Z
Himosh,git@github.com:Himosh/flutter.git,2024-01-18T17:16:41Z
moyeenhaider3,git@github.com:moyeenhaider3/flutter.git,2024-01-18T16:05:53Z
AlanSheng610,git@github.com:AlanSheng610/flutter.git,2024-01-18T12:14:16Z
Jordanwaslistening,git@github.com:Jordanwaslistening/flutter.git,2024-01-18T10:30:27Z
LorainD,git@github.com:LorainD/flutter.git,2024-01-18T09:55:27Z
AlexLeeOffical,git@github.com:AlexLeeOffical/flutter.git,2024-01-18T08:55:12Z
Egoriy286,git@github.com:Egoriy286/flutter.git,2024-01-18T08:38:12Z
erdzan12,git@github.com:erdzan12/flutter.git,2024-01-18T02:20:56Z
JayanaGunaweera01,git@github.com:JayanaGunaweera01/flutter.git,2024-01-18T01:43:00Z
Gongdezhi1990,git@github.com:Gongdezhi1990/flutter.git,2024-01-18T01:30:09Z
antonio-nicolau,git@github.com:antonio-nicolau/flutter.git,2024-01-17T20:56:31Z
PamelaJean0405,git@github.com:PamelaJean0405/flutter.git,2024-01-17T15:27:47Z
jukkaleh-atoz,git@github.com:jukkaleh-atoz/flutter.git,2024-01-17T12:55:46Z
jovaltaefendi,git@github.com:jovaltaefendi/flutter.git,2024-01-17T10:14:32Z
vipul1298,git@github.com:vipul1298/flutter.git,2024-01-16T12:17:44Z
ranjit0011,git@github.com:ranjit0011/flutter.git,2024-01-16T08:17:15Z
JOHNMULAMA,git@github.com:JOHNMULAMA/flutter.git,2024-01-16T07:54:40Z
MahmoudAbuSalou,git@github.com:MahmoudAbuSalou/flutter.git,2024-01-16T05:07:48Z
RilAbbSnehaM,git@github.com:RilAbbSnehaM/flutter.git,2024-01-15T14:47:44Z
tara-lena,git@github.com:tara-lena/flutter.git,2024-01-15T11:05:15Z
amgadelmarghny,git@github.com:amgadelmarghny/flutter.git,2024-01-15T03:47:22Z
jiankian,git@github.com:jiankian/flutter.git,2024-01-15T03:44:51Z
paullu,git@github.com:paullu/flutter.git,2024-01-15T01:24:15Z
rahman-O,git@github.com:rahman-O/flutter.git,2024-01-15T00:53:42Z
OsamahAl-ameri,git@github.com:OsamahAl-ameri/flutter.git,2024-01-14T18:09:36Z
ninaalien,git@github.com:ninaalien/flutter.git,2024-01-14T16:16:24Z
hugle-rep,git@github.com:hugle-rep/flutter.git,2024-01-14T14:56:54Z
nikkivirtuoso,git@github.com:nikkivirtuoso/flutter.git,2024-01-14T14:07:42Z
KamathVishak96,git@github.com:KamathVishak96/flutter.git,2024-01-14T09:43:53Z
gerfalcon,git@github.com:gerfalcon/flutter.git,2024-01-13T23:50:41Z
kaan-donmez,git@github.com:kaan-donmez/flutter.git,2024-01-13T20:26:32Z
mhmedhossam,git@github.com:mhmedhossam/flutter.git,2024-01-13T19:53:08Z
engbasel,git@github.com:engbasel/flutter.git,2024-01-13T19:09:14Z
JohnIgha,git@github.com:JohnIgha/flutter.git,2024-01-13T13:54:18Z
Shaun-Sas,git@github.com:Shaun-Sas/flutter.git,2024-01-13T09:51:02Z
krharsh17,git@github.com:krharsh17/flutter.git,2024-01-13T09:04:02Z
drfengyu,git@github.com:drfengyu/flutter.git,2024-01-13T08:13:46Z
grinvaldsjanis,git@github.com:grinvaldsjanis/flutter.git,2024-01-12T18:53:16Z
arnoldomony,git@github.com:arnoldomony/flutter.git,2024-01-12T18:11:59Z
koenhagen,git@github.com:koenhagen/flutter.git,2024-01-12T16:54:39Z
shedenk,git@github.com:shedenk/flutter.git,2024-01-12T15:38:48Z
charmy1,git@github.com:charmy1/flutter.git,2024-01-12T13:12:16Z
byunsh96,git@github.com:byunsh96/flutter.git,2024-01-12T09:25:39Z
buke2016,git@github.com:buke2016/flutter.git,2024-01-12T09:21:18Z
yahmann26,git@github.com:yahmann26/flutter.git,2024-01-12T08:46:07Z
LingBoy001,git@github.com:LingBoy001/flutter.git,2024-01-12T08:42:53Z
maulachusnan45,git@github.com:maulachusnan45/flutter.git,2024-01-12T07:23:18Z
jaeyoi,git@github.com:jaeyoi/flutter.git,2024-01-12T06:16:09Z
IcedPuck,git@github.com:IcedPuck/flutter.git,2024-01-12T01:51:50Z
FaultyNeko,git@github.com:FaultyNeko/flutterRemoveflm.git,2024-01-11T21:35:27Z
ONinguem,git@github.com:ONinguem/flutter-1.git,2024-01-11T20:16:54Z
jackojun,git@github.com:jackojun/flutter.git,2024-01-11T18:19:02Z
gfb-47,git@github.com:gfb-47/flutter.git,2024-01-11T13:08:44Z
maRci002,git@github.com:maRci002/flutter.git,2024-01-11T12:05:06Z
PirateBrook,git@github.com:PirateBrook/flutter.git,2024-01-11T07:21:25Z
Den-Freeman,git@github.com:Den-Freeman/flutter-my-materials.git,2024-01-10T19:31:54Z
Abhisheksharma654,git@github.com:Abhisheksharma654/flutter.git,2024-01-10T18:25:23Z
Rodriguekisagho,git@github.com:Rodriguekisagho/flutter.git,2024-01-10T14:02:17Z
blackzafiqz,git@github.com:blackzafiqz/flutter.git,2024-01-10T11:37:51Z
ghonijee,git@github.com:ghonijee/flutter.git,2024-01-10T08:52:26Z
Wolfof420Street,git@github.com:Wolfof420Street/flutter.git,2024-01-10T06:42:25Z
AbhishekNagar1,git@github.com:AbhishekNagar1/flutter.git,2024-01-10T06:00:51Z
Lean8384,git@github.com:Lean8384/flutter.git,2024-01-10T05:34:31Z
yousha007,git@github.com:yousha007/flutter.git,2024-01-10T00:03:39Z
jvharyani,git@github.com:jvharyani/flutter.git,2024-01-09T23:24:47Z
vol4life99,git@github.com:vol4life99/flutter.git,2024-01-09T22:59:52Z
auradigitaldev,git@github.com:auradigitaldev/flutter-fork.git,2024-01-09T19:55:19Z
mtolmacs,git@github.com:mtolmacs/flutter.git,2024-01-09T16:45:38Z
hafianewalid,git@github.com:hafianewalid/flutter.git,2024-01-09T14:19:04Z
b4ndar,git@github.com:b4ndar/flutter.git,2024-01-09T13:38:07Z
v-roshkanyuk,git@github.com:v-roshkanyuk/flutter.git,2024-01-09T11:37:22Z
Tere2087,git@github.com:Tere2087/flutter.git,2024-01-09T11:27:31Z
nickf2k,git@github.com:nickf2k/flutter.git,2024-01-09T08:43:03Z
imp-sike,git@github.com:imp-sike/flutter.git,2024-01-09T08:23:07Z
Maghish,git@github.com:Maghish/flutter.git,2024-01-09T07:26:58Z
mreraser,git@github.com:mreraser/flutter.git,2024-01-09T06:19:30Z
wekmalpris,git@github.com:wekmalpris/flutter.git,2024-01-09T04:49:56Z
Horaunt,git@github.com:Horaunt/flutter.git,2024-01-08T18:55:46Z
LauGonzAl,git@github.com:LauGonzAl/flutter.git,2024-01-08T18:53:51Z
kion1000,git@github.com:kion1000/flutter.git,2024-01-08T18:53:47Z
AayushGulia28,git@github.com:AayushGulia28/flutter.git,2024-01-08T17:58:26Z
zyadmohamed2,git@github.com:zyadmohamed2/flutter.git,2024-01-08T13:43:52Z
dlamfr,git@github.com:dlamfr/flutter.git,2024-01-08T13:36:44Z
swirynjt,git@github.com:swirynjt/flutter.git,2024-01-07T21:30:08Z
kaikbomfim,git@github.com:kaikbomfim/flutter.git,2024-01-07T18:09:44Z
marproton,git@github.com:marproton/flutter.git,2024-01-07T14:33:07Z
AscEmon,git@github.com:AscEmon/flutter.git,2024-01-07T13:20:40Z
JinSofty,git@github.com:JinSofty/flutter.git,2024-01-07T12:37:37Z
HighLiuk,git@github.com:HighLiuk/flutter.git,2024-01-06T21:55:16Z
Arthuj,git@github.com:Arthuj/flutter.git,2024-01-06T18:48:12Z
praveenkumar-1998,git@github.com:praveenkumar-1998/flutter.git,2024-01-06T12:34:33Z
Faizan-26,git@github.com:Faizan-26/flutter.git,2024-01-06T06:43:09Z
TCOTC,git@github.com:TCOTC/flutter.git,2024-01-06T06:05:52Z
theadityaagnihotri,git@github.com:theadityaagnihotri/flutter.git,2024-01-06T05:36:37Z
CatsPunch,git@github.com:CatsPunch/flutter.git,2024-01-05T23:26:23Z
Fudgebucket,git@github.com:Fudgebucket/flutter.git,2024-01-05T22:24:55Z
mnz8sample,git@github.com:mnz8sample/flutter.git,2024-01-05T19:40:32Z
SaketAkella,git@github.com:SaketAkella/flutter.git,2024-01-05T18:11:18Z
miksen,git@github.com:miksen/flutter.git,2024-01-05T16:09:35Z
AurelVU,git@github.com:AurelVU/flutter.git,2024-01-05T13:52:45Z
yuta-mizumoto,git@github.com:yuta-mizumoto/flutter.git,2024-01-05T12:53:07Z
ObduliaTovias,git@github.com:ObduliaTovias/flutter.git,2024-01-05T09:18:36Z
boboZengFork,git@github.com:boboZengFork/flutter.git,2024-01-05T06:44:19Z
manijeh-a,git@github.com:manijeh-a/flutter.git,2024-01-04T16:59:22Z
angelfrezZ,git@github.com:angelfrezZ/flutter.git,2024-01-04T14:58:12Z
rajeshmone,git@github.com:rajeshmone/flutter.git,2024-01-04T14:56:38Z
robertcrockett,git@github.com:robertcrockett/flutter.git,2024-01-04T13:57:36Z
Darshilgor,git@github.com:Darshilgor/flutter.git,2024-01-04T12:49:41Z
zhouzhiguang2020,git@github.com:zhouzhiguang2020/flutter.git,2024-01-04T12:12:58Z
shubham3246,git@github.com:shubham3246/flutter.git,2024-01-04T09:50:44Z
Jerome-MJ,git@github.com:Jerome-MJ/flutter.git,2024-01-04T08:17:33Z
WarpBuilds,git@github.com:WarpBuilds/flutter.git,2024-01-04T05:21:41Z
arafaysaleem,git@github.com:arafaysaleem/flutter.git,2024-01-04T02:08:25Z
Hosseina2,git@github.com:Hosseina2/flutter.git,2024-01-03T18:38:54Z
Noel-S,git@github.com:Noel-S/flutter.git,2024-01-03T18:14:12Z
beeerlian,git@github.com:beeerlian/flutter.git,2024-01-03T14:15:37Z
nontheless,git@github.com:nontheless/flutter.git,2024-01-03T13:33:34Z
indraxi,git@github.com:indraxi/flutter.git,2024-01-03T12:47:55Z
fawad4620,git@github.com:fawad4620/flutter.git,2024-01-03T10:39:08Z
moathdarwesh,git@github.com:moathdarwesh/flutter.git,2024-01-03T10:38:32Z
watermelonich,git@github.com:watermelonich/flutter.git,2024-01-03T09:14:45Z
waqas8raza,git@github.com:waqas8raza/flutter.git,2024-01-03T08:29:43Z
MMFPR,git@github.com:MMFPR/flutter.git,2024-01-03T07:30:55Z
nathaniel-nyanor,git@github.com:nathaniel-nyanor/flutter.git,2024-01-02T20:57:09Z
AdamBridges,git@github.com:AdamBridges/flutter.git,2024-01-02T18:07:38Z
Krapotur,git@github.com:Krapotur/flutter.git,2024-01-02T13:17:54Z
rogerioperesgomes,git@github.com:rogerioperesgomes/flutter.git,2024-01-02T12:46:23Z
Aeth3,git@github.com:Aeth3/flutter.git,2024-01-02T01:17:50Z
ryuujo1573,git@github.com:ryuujo1573/flutter.git,2024-01-01T17:28:20Z
Ragunath041,git@github.com:Ragunath041/flutter.git,2024-01-01T13:52:16Z
venture-swede,git@github.com:venture-swede/flutter.git,2024-01-01T11:40:16Z
El-jawsagy,git@github.com:El-jawsagy/flutter.git,2024-01-01T09:58:08Z
soltanzadehErfan,git@github.com:soltanzadehErfan/flutter.git,2024-01-01T07:23:14Z
CoachRibbon,git@github.com:CoachRibbon/flutter.git,2023-12-31T21:35:01Z
SergeantExample,git@github.com:SergeantExample/flutter.git,2023-12-31T17:26:04Z
CheerBicycle,git@github.com:CheerBicycle/flutter.git,2023-12-31T16:56:56Z
prakaashg,git@github.com:prakaashg/flutter.git,2023-12-31T10:11:49Z
GhoshSouma,git@github.com:GhoshSouma/flutter.git,2023-12-31T08:10:30Z
tknappp,git@github.com:tknappp/flutter.git,2023-12-31T06:27:10Z
uumair327,git@github.com:uumair327/flutter.git,2023-12-31T03:55:23Z
xaliciax,git@github.com:xaliciax/flutter.git,2023-12-31T03:15:25Z
KriseevM,git@github.com:KriseevM/flutter.git,2023-12-31T00:34:00Z
sanskarjain2110,git@github.com:sanskarjain2110/flutter.git,2023-12-30T22:02:11Z
rashidjatoi,git@github.com:rashidjatoi/flutter-1.git,2023-12-30T18:31:46Z
nguyenminhtai123,git@github.com:nguyenminhtai123/flutter.git,2023-12-30T17:38:51Z
FizzyCurse,git@github.com:FizzyCurse/flutter.git,2023-12-30T17:34:57Z
milan2zist,git@github.com:milan2zist/flutter.git,2023-12-30T09:43:00Z
shiyoutarou,git@github.com:shiyoutarou/flutter.git,2023-12-30T09:03:08Z
sharabiddin,git@github.com:sharabiddin/flutter.git,2023-12-30T06:47:44Z
Skyblackstock,git@github.com:Skyblackstock/flutter.git,2023-12-30T04:30:34Z
bradyAdger12,git@github.com:bradyAdger12/flutter.git,2023-12-30T03:34:31Z
vially,git@github.com:vially/flutter.git,2023-12-30T00:23:25Z
YoungerVampire,git@github.com:YoungerVampire/flutter.git,2023-12-29T22:21:22Z
rahimifh,git@github.com:rahimifh/flutter.git,2023-12-29T18:11:10Z
HydrogenIITG,git@github.com:HydrogenIITG/flutter.git,2023-12-29T17:26:13Z
zfranx,git@github.com:zfranx/flutter.git,2023-12-29T16:21:57Z
Thao44,git@github.com:Thao44/flutter.git,2023-12-29T15:32:25Z
WernerWu5,git@github.com:WernerWu5/flutter.git,2023-12-29T14:16:47Z
osbep,git@github.com:osbep/flutter.git,2023-12-28T19:59:13Z
nabilfcai,git@github.com:nabilfcai/flutter-solve-all.git,2023-12-28T19:10:53Z
toda-bps,git@github.com:toda-bps/flutter.git,2023-12-28T11:03:31Z
NobodyForNothing,git@github.com:NobodyForNothing/flutter.git,2023-12-28T09:09:32Z
StanleyCocos,git@github.com:StanleyCocos/flutter.git,2023-12-28T01:37:21Z
belabiedredouane,git@github.com:belabiedredouane/flutter.git,2023-12-28T00:58:55Z
toptiiigin,git@github.com:toptiiigin/flutter.git,2023-12-27T23:32:09Z
tylergod123456789,git@github.com:tylergod123456789/flutter.git,2023-12-27T21:35:07Z
GOHILCHIRAG,git@github.com:GOHILCHIRAG/flutter.git,2023-12-27T19:54:53Z
pedramkhademi619,git@github.com:pedramkhademi619/flutter.git,2023-12-27T19:38:08Z
Afroz-Shaikh,git@github.com:Afroz-Shaikh/flutter.git,2023-12-27T18:37:51Z
bilkis96,git@github.com:bilkis96/flutter.git,2023-12-27T16:53:04Z
FideleLesobre2022,git@github.com:FideleLesobre2022/flutter.git,2023-12-27T12:35:46Z
Gauravglitch,git@github.com:Gauravglitch/flutter.git,2023-12-27T12:10:31Z
skytechie,git@github.com:skytechie/flutter.git,2023-12-27T12:08:44Z
Maislau,git@github.com:Maislau/flutter.git,2023-12-27T10:36:44Z
hellowhatrudoing,git@github.com:hellowhatrudoing/flutter.git,2023-12-27T07:24:20Z
dt-pirate,git@github.com:dt-pirate/flutter.git,2023-12-27T07:05:06Z
x441,git@github.com:x441/flutter.git,2023-12-27T04:19:54Z
serod11,git@github.com:serod11/flutter.git,2023-12-27T03:07:27Z
guieCo,git@github.com:guieCo/flutter.git,2023-12-27T00:14:57Z
adleybouskagr,git@github.com:adleybouskagr/flutter.git,2023-12-26T22:11:05Z
SnowMango,git@github.com:SnowMango/flutter.git,2023-12-26T17:30:35Z
joaquimtimoteo,git@github.com:joaquimtimoteo/flutter.git,2023-12-26T17:16:29Z
dawoodbaids,git@github.com:dawoodbaids/flutter.git,2023-12-26T16:38:44Z
whitebrow2022,git@github.com:whitebrow2022/flutter.git,2023-12-26T07:52:10Z
somayeh021,git@github.com:somayeh021/flutter.git,2023-12-26T07:36:03Z
WomB0ComB0,git@github.com:WomB0ComB0/flutter.git,2023-12-26T07:23:15Z
TaleenaDaqqa,git@github.com:TaleenaDaqqa/flutter.git,2023-12-26T07:04:46Z
heyupeng,git@github.com:heyupeng/flutter.git,2023-12-26T03:47:25Z
yazvekova,git@github.com:yazvekova/flutter.git,2023-12-25T19:13:46Z
abdullah-te,git@github.com:abdullah-te/flutter.git,2023-12-25T12:36:25Z
keinblue,git@github.com:keinblue/flutter.git,2023-12-25T11:31:53Z
sankalpchauhan-me,git@github.com:sankalpchauhan-me/flutter-framework-deep-dive.git,2023-12-25T04:38:03Z
